id,first_name,last_name,email
1,Danielle,Johnson,john21@example.net
2,Joy,Gardner,fjohnson
3,Jesse,Guzman,jennifermiles@example.com
,Jeffrey,Lawrence,blakeerik@example.com
5,Matthew,Moore,curtis61@example.com
6,Melanie,Munoz,blairamanda@example.com
7,Christian,Carter,barbara10
,Jeremy,Roberts,wyattmichelle@example.com
9,Joshua,Reid,francisco53@example.net
10,Joseph,Zuniga,lynchgeorge@example.net
,John,Ford,veronica83@example.net
12,Mark,Tate,perezantonio@example.com
13,Richard,Jones,jason76@example.net
14,Stephen,Baker,julieryan@example.net
15,Brenda,Hurst,icox@example.net
16,Trevor,Campos,hernandezernest@example.net
17,Robert,Brown,dcarlson@example.net
18,John,Tran,frazierdanny@example.net
19,Karen,Mack,daniel62
20,Aaron,Bowen,teresa28@example.org
21,Monica,Evans,ericfarmer
22,Stephanie,Nielsen,georgetracy
23,Sarah,Koch,john39
24,Christopher,Tucker,spenceamanda@example.org
25,David,Alvarez,josephbrennan@example.com
26,Tamara,Hickman,jenniferross@example.net
27,Debra,Kim,omartinez@example.org
28,Matthew,Chapman,briannasmith@example.net
29,Crystal,Perez,heathchad@example.org
30,Joshua,Washington,jenniferkhan@example.net
31,Thomas,Mueller,glee@example.net
32,Ryan,Henderson,dshields@example.net
33,Denise,Lucas,powellmatthew@example.org
34,John,Lee,ltaylor@example.com
35,Steven,Baxter,ramosmichelle@example.net
,Corey,Pearson,novaksara@example.org
37,Gabriel,Tucker,michellebarrera@example.org
38,Nicholas,Galloway,sara74@example.com
39,Heather,Cross,smoore@example.org
40,Tanya,Riley,adkinsbrian@example.net
41,Thomas,Calhoun,brianromero@example.org
42,Casey,Jones,richarddavid@example.net
43,John,Wheeler,barnesbrandy@example.net
44,Leslie,Green,john62
45,Debbie,Bryant,smithchristine@example.net
46,Wendy,Jones,williamanderson@example.com
47,Nicole,Suarez,justin78@example.net
48,Kevin,Riggs,contrerasangela@example.net
49,Dale,Humphrey,darrell18@example.org
50,Joseph,Jacobs,
51,John,Odonnell,davisrodney@example.com
52,Bradley,Cook,danagreen@example.net
53,Scott,Thornton,rodriguezsierra@example.net
54,Rebecca,Gardner,brandi26@example.org
55,Bobby,Diaz,nolanjason@example.org
56,Elizabeth,Gomez,vdickson@example.org
57,Sara,Young,theresacochran@example.com
58,Angel,Doyle,kimberly63@example.com
,Erik,Haynes,ebrennan@example.org
60,James,Sellers,kevin33@example.org
61,Donna,Ross,michelle45@example.net
62,William,Frazier,
63,Beverly,Terrell,rodriguezryan@example.net
64,Kristin,Graham,cruzbarbara@example.com
65,Bradley,Graham,michaeljones@example.net
66,Samantha,Hanson,cortezkevin@example.com
67,Elizabeth,Nguyen,angela36@example.net
68,Shelby,Byrd,christinaturner@example.net
69,Martha,Torres,russellcarpenter@example.net
70,Marco,Ramos,williamleon@example.net
71,Gene,Miller,clarence34@example.org
72,Lindsay,Hernandez,sanchezthomas@example.org
73,Stanley,Mercado,jennifercruz@example.com
74,John,Douglas,staffordmichelle@example.org
75,Kimberly,Robinson,pwilliams@example.org
76,Stephen,Solis,stephanie79@example.net
77,Patricia,Simmons,vmerritt@example.com
78,Shannon,Walton,katie87@example.net
,John,Gonzales,jimmy55@example.net
80,Christopher,Hernandez,tbenson@example.org
,Caleb,Russell,nperry@example.com
82,Perry,Carrillo,gateskathy@example.com
83,Thomas,Bender,karen68@example.net
84,Jessica,Marsh,tracynelson
85,Anthony,Rogers,dramsey@example.org
86,Tina,Ferguson,qvargas@example.org
87,Christopher,Patterson,qwhite@example.com
88,Mark,Gibson,kathleen64@example.com
89,Johnny,Miller,currybrett@example.com
90,Jeffrey,Jones,websterstefanie@example.org
91,Mary,Howell,
92,Stacie,Marshall,katie29@example.net
93,Tamara,Higgins,tamirodriguez@example.org
94,Sarah,Johnston,tsanders@example.org
95,Charles,Vaughn,curtisbarton@example.net
,Caroline,Martinez,reedross@example.com
97,Casey,Holland,atkinsonlynn@example.org
98,Ryan,Cox,bzimmerman@example.org
99,Jessica,Sheppard,christina87@example.com
100,Ryan,Simon,marcus31@example.com
,Nicole,Sanchez,qhudson@example.com
102,Matthew,Snyder,hunter35@example.com
103,Matthew,Beard,angela83@example.org
104,John,Russell,hannahbrewer@example.com
105,Shane,Smith,jeffrey34@example.net
,Bonnie,Kennedy,ronald85@example.com
107,Jacqueline,Nelson,jerry35@example.org
108,Julia,Tapia,jamesrodgers@example.com
109,Jenny,Bray,tina34@example.org
110,Michael,Turner,joshuamccann
111,Kelly,Raymond,agarcia@example.net
112,Justin,Mendoza,jack04
113,Danny,Jones,ojones@example.net
114,Brian,Hernandez,christopher31@example.net
115,Kathy,Obrien,kimberlyjames@example.com
116,Kenneth,Chapman,
117,Chelsea,Singh,colleenbaker@example.org
118,Eric,Thompson,moorericky
119,Brittney,Carter,keithcampbell@example.com
120,Charles,Hall,kristin93@example.com
121,Danny,Walker,rebekahserrano@example.org
122,Brian,Sparks,
123,Richard,Nelson,mkim@example.org
124,Pamela,Navarro,anthony39@example.net
125,Stephanie,Key,barbara27@example.net
126,Denise,Moon,wendygraham@example.com
127,Tanya,Harrison,qcook@example.org
128,Mia,Rivera,zroberts@example.net
129,Benjamin,Miller,marcus68@example.org
130,Diane,Daniels,hbrown@example.com
131,Cindy,Jimenez,nwolf@example.com
132,Andrea,Pennington,fgilmore@example.org
133,Anthony,Mccoy,jennifercollins@example.org
134,Andrea,Davis,murraydavid@example.org
135,Tyrone,Moran,robert77@example.org
136,Stephen,Thomas,sandraromero@example.org
,Michelle,Hill,ymorgan@example.net
,Joseph,Smith,mary97@example.org
139,Sean,Washington,andrea86@example.com
140,Sarah,Kane,ashleyhall@example.com
141,Bradley,Garner,qhughes@example.net
142,Tina,Simpson,
,Molly,Sawyer,dgarcia@example.org
144,Jennifer,Ortiz,charlesharrington@example.com
145,Matthew,Schwartz,christianmelissa@example.net
,Norman,Stewart,cbrennan@example.net
147,Casey,Welch,wendy16@example.org
148,Kathleen,Padilla,wallaceheather@example.org
149,Brandon,Flynn,michael62@example.org
150,Amanda,Knight,georgemiller@example.com
151,Christine,Allen,jesselittle@example.com
152,Jonathan,Smith,rsantana@example.net
153,Eric,Alexander,vanessa46@example.net
154,John,Bruce,yvonnecastaneda@example.org
155,John,Armstrong,victoria40@example.net
156,Randy,Smith,
157,Kimberly,Hall,jeffery39@example.com
158,Erica,Le,courtneyberger@example.net
159,Benjamin,Kramer,rileyjessica@example.org
160,Renee,Murphy,ithompson@example.net
161,Nancy,Diaz,maria47@example.com
162,Julie,Morgan,mcdonaldcharles@example.org
163,Michelle,Ramsey,zcoffey
164,Michael,Gibbs,bakerdavid@example.com
165,Emily,Chambers,xcarson@example.org
,Emily,Ruiz,rose31@example.net
167,Madison,Blankenship,debra12
,Sophia,Torres,pwilson@example.net
169,Derek,Chavez,umatthews@example.org
170,Nicole,Pena,rgilbert@example.org
171,Hannah,Robinson,xsampson@example.org
172,Tina,Richardson,bruce43@example.org
173,Stacy,Holloway,batesdarlene@example.net
174,Tasha,Williams,john29@example.org
175,Casey,Hubbard,
176,Mark,Hernandez,ramireztracey@example.org
177,Amber,Lindsey,guerreroanthony@example.org
178,Michael,Kramer,alfred40@example.org
179,Judy,Fox,alvarezkimberly@example.net
180,Brittney,Hayes,soniawilliams
181,Adrienne,Ellis,browntimothy@example.com
182,Ronald,Rodriguez,fjones@example.com
183,Charlene,Jones,claudia98@example.net
,Mark,Vang,shawn96@example.org
185,Laura,Wilson,russellbeasley@example.com
186,Matthew,Chavez,ublair@example.com
187,Larry,Scott,gloriawells@example.org
188,Marie,Davis,garnernathan@example.org
189,Angela,Willis,elizabeth65@example.net
190,Shelley,Henderson,schmittcaroline@example.com
191,Dale,Romero,dianewalker@example.org
192,Michael,Hawkins,farmeraudrey@example.com
193,Megan,Villegas,lynchdiane@example.net
194,Joseph,White,sandra50
195,Molly,Knight,vjones@example.net
196,Teresa,Davis,
197,Mitchell,Griffith,wareeric@example.net
198,Brandon,Miller,fstanley@example.net
199,Scott,Nelson,
200,Erika,Tucker,brandon69@example.org
201,Adrian,Turner,katrinaduran@example.com
202,Mark,Smith,ythompson@example.net
203,Jane,Mason,
,Steve,Miller,barbara96@example.net
,Danielle,Roberts,usmith@example.org
206,Laurie,Montgomery,christopher13@example.com
207,Brianna,Warren,vharrell@example.com
208,Jeffrey,Maxwell,
209,James,Parsons,jessica23@example.org
210,Dwayne,Gonzalez,kathleenrios@example.org
211,Stephanie,Burton,wwebster@example.net
212,Shane,Glass,michelle52@example.com
213,Carlos,Ramos,laura90@example.com
214,William,Collins,xjohnson@example.com
215,Chase,Lin,gilbertwilliam@example.com
216,Betty,Best,colelisa@example.net
217,Jacob,Jacobs,susanhayes@example.com
218,Toni,Miller,benjaminzimmerman@example.com
219,Alexandria,Bishop,nathan46@example.com
220,Kim,Shelton,mccormickdeborah@example.org
221,Mark,Grant,umitchell@example.net
222,Tamara,Morrison,mathewaguilar@example.org
223,Sabrina,Collins,tanderson@example.org
224,Kyle,Bennett,lisa81
225,Ellen,Romero,coxhenry@example.org
226,Matthew,Miranda,jeremytaylor@example.org
227,Kenneth,French,
228,David,Bennett,henryschwartz@example.net
229,Lisa,Martin,xwilliams@example.net
230,Jennifer,Montes,karen73@example.net
231,John,Sheppard,mmckee@example.com
232,Erika,Hudson,smurray@example.com
233,Wesley,Barnes,lisasolis@example.org
234,Monique,Williams,
235,Jennifer,Black,mitchellkathryn@example.com
236,Shannon,Palmer,odavis@example.com
237,Nicole,Arias,gbrown@example.com
238,Joe,Vang,jeffrey51@example.net
239,Debra,Moody,
240,Heather,Taylor,awest@example.org
241,Andrew,Lewis,anaacosta@example.net
242,Rodney,Parsons,kevinwilliams@example.com
,Danielle,Dean,rodriguezrebecca@example.net
244,Amanda,Chen,jennifercarter@example.org
245,Christina,Allen,qlopez@example.org
246,Alexandra,Ward,myerstheodore
247,Paul,Brooks,kellycarlos@example.org
248,Jessica,Fuller,dennis58@example.com
249,Lisa,Thompson,epollard@example.net
250,Ian,Taylor,mjohnson@example.org
251,Kylie,Blackwell,sarah86@example.net
252,Thomas,Johnson,justinatkins@example.org
253,Michelle,Rivera,lloydsamuel@example.com
254,Julia,Kline,lmorgan@example.com
255,Heather,Richardson,laurie61
256,Carrie,Short,manuel15@example.net
257,Kenneth,Griffin,cjackson
258,Sergio,Acosta,christina64@example.net
259,Tina,Gould,lambertrichard@example.net
260,Laurie,Shelton,thomascathy@example.com
261,Austin,Jones,michael90@example.net
262,Eric,Cole,nathan19@example.org
263,Alyssa,Sanders,john10@example.net
,Jacob,Holmes,greenjorge@example.com
265,Jason,Carr,igonzalez@example.org
266,Shannon,Roach,zosborn@example.net
,Tammy,Downs,jenna88@example.com
268,Patricia,York,laurahicks@example.org
269,Tracie,Conner,kristyjohnson@example.net
,Ashley,Mcdonald,cherylmiller@example.com
271,Raymond,Love,xfox
272,Madeline,Jones,dawn77@example.net
273,Zachary,Anderson,katrinaanderson@example.net
274,Renee,Brown,holmeskevin@example.org
275,Marcus,Fletcher,stacey84@example.org
276,John,Reid,david49@example.net
277,Clarence,Davidson,georgeweber@example.net
278,Matthew,Bradshaw,
279,Stacy,Wise,debra96@example.net
280,Danielle,Jimenez,dawn47@example.org
281,Linda,Cohen,shawn02@example.com
,Robert,Marshall,catherine55@example.net
283,Vanessa,Reed,xanderson@example.net
284,Anna,Flores,cmartinez@example.org
285,Donald,Williams,alin@example.org
286,Sydney,Barrera,sarah53@example.org
287,Tyrone,Robertson,
288,Christopher,Long,nlevy@example.net
289,Michael,Williams,pharper@example.net
290,Thomas,Herrera,jordannicole@example.net
291,Michael,Powell,moralesashley@example.org
292,Michael,Roberts,wgordon@example.net
293,Joshua,Hays,andersoncolin@example.com
294,Laura,Morgan,
,Richard,Williams,taylormason@example.com
296,April,Hernandez,markaustin@example.org
297,Phillip,Jensen,brittney88@example.net
298,Tracy,Hart,xcabrera@example.com
299,Emily,Whitney,laura09@example.com
300,Joseph,Rios,jennifersilva@example.org
301,Alexandria,Griffith,rhernandez@example.org
302,Anthony,Vaughan,leescott@example.com
,Edward,Vaughn,nshaw@example.com
304,Monique,Fitzgerald,thorntonapril@example.net
305,Mark,Bates,ledwards@example.com
306,Rhonda,Peterson,erica49
307,James,Wright,jeffrey44@example.net
308,Jared,Bush,timothy84@example.com
309,David,Rhodes,zhuang@example.com
310,Stephanie,Ballard,bobby15@example.com
311,Diana,Burgess,jamesryan@example.net
312,Heather,Taylor,johnsantiago
313,Jeremiah,Hall,gutierrezjennifer
314,Erin,Taylor,
315,Thomas,Gonzalez,manuel01@example.net
316,Audrey,Nichols,gentrygregory@example.org
317,Sarah,Johnson,lfrench@example.net
318,Suzanne,Howe,smithashley@example.org
319,Sarah,Rogers,ihays@example.net
320,Troy,Mays,znelson@example.org
321,Mark,Simon,jennifer05@example.com
322,Ashley,Todd,cherylfowler@example.com
323,Margaret,Robertson,moralescody@example.org
324,Thomas,Boyle,
325,Stephanie,Turner,greenmichael@example.org
326,Bryan,Wilson,erik84@example.net
327,David,Hendricks,michael33@example.org
328,Timothy,Gibson,robert87
329,Laurie,Petersen,
330,Alicia,Rice,christian91@example.org
331,Maria,Leach,ashleyhernandez@example.com
332,Melissa,Ramos,jenniferburns@example.net
333,Sean,Brown,williambryant
334,Angelica,Chambers,jennifer64@example.org
335,Julie,Lane,hendersonisabella@example.net
336,Virginia,Michael,andersenthomas@example.com
337,Robert,Mack,ybrooks@example.com
338,Molly,Knox,qmiller@example.net
339,Dean,Dalton,
340,David,Irwin,avilatiffany@example.com
341,Emily,Stephens,pmorrow@example.com
342,Michael,Hill,johnsondonna@example.net
343,Katie,Stephenson,allencarlos@example.net
344,Arthur,Harper,sanchezbradley@example.com
345,Jimmy,Robinson,taylorvictoria@example.org
346,Lisa,Dennis,barbara53
347,Nancy,Odom,roberthill@example.net
348,Stacy,Hobbs,conniesimmons@example.com
349,Brandon,Cooper,ufloyd@example.net
350,Robert,Hernandez,iwhite@example.com
351,John,Perez,lindamelendez@example.net
352,Robert,Butler,paulscott@example.com
353,Deborah,Nielsen,christopher30@example.com
354,Nicholas,Jacobs,russojacob@example.net
355,Jennifer,Hansen,vclark@example.com
356,Susan,Smith,suzannewilson@example.com
357,Robin,Dominguez,randyallen@example.com
358,Kimberly,James,kyle58@example.com
359,Steven,Lang,ugill@example.org
360,Nathan,Gutierrez,joycesmith@example.net
,Sarah,Riley,mphillips@example.com
362,Jerry,Hudson,victorpena@example.net
363,Matthew,Hines,plevy@example.net
,Tracy,Jackson,gary87@example.org
365,Sabrina,Weaver,warrenmary
366,Sierra,Barnett,gutierrezmegan@example.org
367,Carlos,Hernandez,williambrooks@example.net
368,Dana,Peck,bhopkins@example.org
369,Amanda,Jenkins,morenojoshua@example.com
370,Andre,Li,ldrake@example.org
371,Samantha,Warren,jamesfox@example.com
372,Joseph,Sanders,susan79@example.org
373,Veronica,Perez,valdezmichele@example.org
374,Clayton,Gray,
,George,Porter,vnewman@example.net
376,Tiffany,Dickson,hallrachel@example.net
377,Paige,Alvarez,glassgabrielle@example.com
378,Rachel,Elliott,whitemelissa@example.org
379,Suzanne,Matthews,thickman@example.org
380,Anne,Knight,irhodes@example.com
381,Patrick,Singh,masonterri@example.org
382,Connor,Hall,petersonkayla@example.net
,Randy,Ayala,walterskristen@example.com
384,Tracy,Kelly,rreynolds@example.net
385,Donna,Miller,lauren11@example.com
386,Eric,Dawson,jodistewart@example.org
387,Christopher,Hahn,rward@example.org
388,David,Lopez,ghawkins@example.com
389,Dakota,Davis,carlsonkristen@example.com
390,Alexander,Gutierrez,hardyanita@example.org
391,Ashley,Jackson,rjackson@example.com
392,Joseph,Thomas,ryanfisher@example.com
393,Kirsten,Ward,jennifersimpson@example.net
394,James,Rodriguez,adam65@example.net
395,Noah,Atkins,pcook@example.net
396,Derek,Flores,timothythompson@example.com
397,Tanya,Carter,yfaulkner@example.org
398,Mark,Ramirez,kdiaz@example.org
399,Brittany,Gardner,bentonsteven@example.net
400,Jason,Salinas,fuenteslaura@example.com
401,Emily,Taylor,john26@example.com
402,Charles,Ewing,iaguilar@example.net
403,Sandra,Kane,ystephens@example.com
404,Jacqueline,Burnett,rodriguezjohn@example.net
405,Michael,Holland,hartdeanna
406,Reginald,Goodwin,grodriguez@example.com
407,Jeffrey,Burgess,seanmyers@example.net
408,Brianna,Mason,whitney71@example.com
,Robert,Nixon,guerrajessica@example.com
410,Larry,Gibson,adrianabailey@example.org
411,Samuel,Horton,carlos01@example.org
412,Melinda,Wong,sarahyang@example.net
413,Greg,Moore,omullen
414,Crystal,Lopez,vfoster@example.net
415,Nicole,Cole,tprice@example.org
416,Jamie,Goodwin,raylauren
417,Jacob,Nguyen,qwilson@example.com
418,Allison,Fowler,lcarr@example.org
419,Michael,Bruce,lisamccarthy@example.com
420,Samantha,Lawrence,
421,Isaac,Steele,ibarnes@example.net
422,Patrick,Lopez,angelaburns
423,Jacob,Wilkinson,glennstephanie@example.com
424,Derrick,Ochoa,fortiz@example.com
425,Jennifer,Wallace,christopherjohnson@example.org
426,Kelly,Hill,gary79@example.net
427,Kendra,Simpson,armstrongjoseph@example.net
428,Madeline,Richardson,wolfscott@example.org
429,Veronica,Garcia,kennethkidd@example.com
430,Jose,Atkins,gonzalesvictoria@example.org
431,Jason,Rojas,michelle96@example.org
432,Christina,Glover,lindahudson@example.net
433,Juan,Ryan,tiffany44@example.net
434,Joseph,Hodge,taylorkaren@example.com
435,Samantha,Riddle,jacquelineanderson@example.org
436,Jennifer,Poole,kburns@example.net
437,Joseph,Perry,yjones@example.org
438,Richard,Brady,shawn75@example.net
439,Aaron,Schroeder,simonstephen@example.net
440,Heidi,Horn,brobinson@example.org
441,Troy,Morris,matthew92@example.net
442,Melissa,Kramer,williamsconnie@example.com
443,Allen,Noble,scottsmith@example.com
444,James,Barker,nicoleturner@example.com
445,Clarence,Ward,watsonrebecca
446,Brett,Garrett,rubendavis
447,Aaron,Woods,brittneystone
448,Albert,Dominguez,mcneilrobert@example.org
449,Tim,Perez,crosscurtis@example.com
450,Michael,Evans,wayala@example.org
451,Darlene,Byrd,morenoalan@example.net
452,Frank,Bell,courtneyhernandez@example.com
453,Christina,Ramos,christophergarcia@example.org
454,Brittany,Cruz,iedwards@example.org
455,Joshua,Miller,kimberly04@example.org
,April,Hicks,dphillips@example.org
457,Troy,Rodriguez,elittle@example.net
458,Pamela,Smith,sarah26
459,Robert,Payne,kathrynbest@example.org
460,Alvin,Jones,
,Justin,Marquez,zhenderson@example.org
462,Danielle,Medina,joshuacollins@example.net
,Samantha,Mccann,amandamyers@example.net
464,Kathryn,Santos,collinssamuel@example.org
465,Brian,Miller,nwilson@example.net
466,Brian,Wade,davidzimmerman@example.net
,Alexander,Crawford,alexandra42@example.com
468,David,Norman,jessica10@example.com
469,Lindsay,Nelson,bakertheresa@example.net
470,Chris,Gibson,brian92@example.com
471,Eric,Ayala,perezwilliam@example.org
472,Michele,Smith,ruizpatrick@example.org
473,Harold,Horne,tranrobin@example.net
474,Diana,Walker,robertcortez@example.com
475,Margaret,Duncan,shawrachel
,Jeffrey,Black,finleycasey@example.com
477,Michelle,Ayala,mark87@example.org
478,Miguel,Carter,jodi37@example.com
479,Brittany,Snyder,jessicapayne@example.org
480,Edward,Randolph,hallmichael@example.net
481,Natalie,Tapia,blakenicholas@example.net
482,Jessica,Garcia,
483,Jennifer,Davis,phyllismeyer@example.net
484,Paula,Ellis,carpenterwilliam@example.net
485,Lori,Jones,grahamtamara
486,Kelly,Rosales,vhaynes@example.com
487,Louis,Nelson,hardingderek@example.net
488,Daniel,Garcia,
489,Amanda,Oconnell,shannonford@example.org
490,Christopher,Aguirre,margaret90@example.org
491,Mary,Murphy,dawsontanya@example.com
492,William,Byrd,lori20@example.com
493,Melissa,Hawkins,codygarcia@example.org
494,David,Brown,davidcolon@example.com
495,Gina,Pace,aguilarjonathan@example.org
496,Andrew,Brown,flamb@example.com
497,David,Dunlap,jacksonaudrey
498,Randall,Johnson,nthompson@example.org
499,Joshua,Griffin,austinharvey@example.org
500,Deborah,Porter,rbrown@example.com
501,Derrick,Gonzalez,crystalpham@example.org
502,Veronica,Casey,timothy75@example.net
503,Wayne,Price,anthonyharper@example.org
504,Paula,Osborne,stokesthomas@example.com
505,Katie,Key,craigsandoval@example.com
506,Amanda,Moody,gallagherstacie@example.net
507,Meghan,Salinas,savannah22@example.org
508,Brittany,Drake,robin05@example.net
509,Anne,Hart,marycochran@example.com
510,Amber,Thompson,davisjesse@example.org
511,Andrew,Woods,samantha32@example.com
512,Jennifer,Sellers,brian29@example.net
513,Samantha,Schroeder,susan56
514,Craig,Turner,theresaoconnor@example.com
515,Latoya,Yu,grant89@example.com
516,Jeffrey,Chapman,nicholasgross@example.com
517,David,Daniel,xrosales@example.net
518,Antonio,Guzman,daniellegarcia
,Donald,Mcgee,michaelflores@example.net
520,Nicole,Davis,sean43@example.org
521,Heather,Bell,lebrandon@example.com
522,Jessica,Costa,ysnyder@example.com
523,Amy,Garcia,kkramer@example.net
524,Katherine,Perez,cjones@example.com
525,Andrew,Green,jonesgeorge@example.com
526,Eugene,Jones,morgantricia@example.com
,Janet,Reynolds,catherinehamilton@example.org
528,Craig,Harris,robertspencer@example.net
529,Amber,Guerrero,john06@example.net
530,Andrea,Henry,wardronald@example.com
531,Madison,Weber,bgonzalez@example.org
532,George,Carter,wellsdarrell@example.com
533,Thomas,Jacobson,christopher86@example.org
534,Nathan,James,seanbaker@example.com
,Jose,Hood,hernandezheather@example.org
536,Christopher,Cooper,larellano@example.org
537,Angela,Randall,rsheppard@example.com
538,Ashley,Young,christian08@example.net
539,Rachel,Mcbride,davidtodd@example.org
540,Stacy,Jackson,lindseymartinez@example.com
541,Christian,Vega,wendyburton@example.net
542,Jonathan,Bartlett,millerangela@example.net
543,Mark,Hill,astark@example.net
544,Cindy,Mills,jrodriguez@example.org
545,Ashley,Aguilar,buckleyanna@example.org
546,Kristi,Dillon,natalie46@example.net
547,Todd,Lynch,jacksonrichard@example.net
548,Charlotte,Steele,fosternatasha@example.net
549,John,Reese,penny05@example.com
550,Larry,Cameron,comptonjeremy@example.com
551,Terri,Ramos,joseph69@example.net
552,Christopher,Alexander,wfigueroa@example.net
553,Michelle,Nicholson,
554,Derek,York,thompsonnancy@example.org
555,Mary,Wright,xwilliams@example.net
556,James,Richardson,owagner@example.org
557,Erin,Allen,lwheeler@example.com
558,Brenda,Bailey,marygreen@example.net
,Christopher,Johnson,martinashley@example.org
560,Mercedes,Holland,josephortiz@example.org
561,Michelle,Coffey,wellsdavid@example.org
562,Carolyn,Smith,charlene44@example.com
563,Paula,York,dking@example.com
,Erica,Holloway,asilva@example.net
565,Yvonne,Levy,anna99@example.com
566,Kenneth,Rodriguez,rogersjoshua@example.com
567,Michelle,Green,jacob83@example.org
568,Linda,Lang,rguerrero
,Jennifer,Rios,jordan66@example.com
570,Jillian,Aguilar,matthewreeves@example.net
571,Amanda,Glover,william28@example.org
572,Kelly,Ruiz,jessica82@example.net
,Rachel,Pena,michaelgarner@example.com
574,Robert,Eaton,jorge47@example.org
575,Thomas,Delacruz,kennedyjames@example.org
,Mikayla,James,robert22@example.org
577,Matthew,Benitez,tthomas@example.org
578,Kimberly,Freeman,
579,Joshua,Juarez,barbaramoore@example.org
580,David,Hamilton,
581,Adam,Ferguson,stephanie58@example.org
,Andrew,Smith,jeremywiley@example.com
583,David,Reyes,gary04
584,Stephen,Meyer,ryan25@example.com
585,Michael,Lopez,osmith@example.net
586,Traci,Clark,lawrencegary@example.com
587,Jennifer,Conner,qmcdowell@example.net
588,Cindy,Wheeler,stanleydesiree@example.org
589,Brandon,Wilson,jjames@example.com
590,Thomas,Hernandez,turnerdorothy@example.net
591,Abigail,Dean,robertroach@example.net
592,Jennifer,Wilson,glovertyler@example.net
593,James,Baker,michaelortiz@example.org
594,Benjamin,Crawford,haleycastillo@example.org
595,Aaron,Powers,conleyelizabeth@example.org
596,Stacy,Chan,cummingscraig@example.com
597,Dawn,Bryant,joseph01@example.org
598,Morgan,Phelps,laurie56@example.net
599,Darrell,York,smithdevon@example.net
,George,Howard,rfriedman@example.net
601,Christopher,Briggs,danielross@example.com
602,Joseph,Cruz,pmarsh
603,Daniel,Horton,jarvismegan@example.org
604,Robert,Garza,ywhite@example.com
605,Cheryl,Huffman,timothyfreeman@example.com
606,Scott,Brown,alexander89@example.net
607,Annette,Levine,april91@example.com
608,Dorothy,Wright,elizabeth62@example.net
609,Patricia,Salazar,schneidereric@example.com
610,Melissa,Booth,waltonmalik@example.com
611,Tara,Williams,andreagray@example.org
612,Christian,Wallace,fmiller@example.com
613,Leslie,Hooper,garciarobert@example.net
614,Andrea,Petersen,pamela83@example.net
615,Emily,Clements,marcia37@example.com
616,Ann,Harvey,xmoran@example.net
617,Shaun,Davis,aaronkelly@example.net
618,Tamara,Carter,jacqueline02@example.com
619,Donald,Love,nrodriguez@example.org
620,Jacob,Conrad,ylewis@example.org
,Jennifer,Rodriguez,owilliams@example.net
622,Brianna,Barton,lellis@example.net
623,Dennis,Porter,tranryan@example.net
624,Timothy,Romero,heatherthompson@example.org
625,Dale,Sandoval,william66@example.net
626,Ruth,Farmer,raymond54@example.com
627,Linda,Taylor,megan85@example.net
628,Jillian,Spencer,jamesweber@example.com
629,Glenda,Morse,tinasantos@example.org
630,William,Benson,jennifer58@example.com
631,Brandi,Bender,icraig@example.com
632,Natalie,Henderson,millsanthony@example.org
633,Brian,Brown,karen24@example.net
634,John,Franco,james80@example.com
635,Lisa,Garcia,juliahoffman@example.org
636,William,Robles,heather06@example.com
,Robert,French,tammy00@example.net
638,John,Oliver,ogreer@example.net
639,Jenna,Richardson,kimberlybrandt@example.com
640,Shane,Lucero,lopezglenn@example.net
641,David,Williams,angela22@example.net
642,Meghan,Smith,jmckinney@example.org
643,Eric,Morris,ayalacolleen@example.net
644,Kevin,Tyler,charles58@example.org
,Susan,Meyer,robertherrera@example.org
646,Michael,Ware,mark43@example.net
647,Alyssa,Barajas,wilsonmichael@example.org
648,Rebecca,Austin,susanfleming@example.com
649,Patrick,Hogan,
650,Angel,Black,willie87@example.com
651,Bradley,Villanueva,lukemiller@example.org
652,Gary,Huber,simsjason@example.net
653,Kim,Hancock,nhouston@example.net
654,Maria,Johns,elucas@example.net
655,Gina,Johnson,benjamin10@example.org
,Laura,Grant,rhondarussell@example.com
657,Crystal,Hamilton,pricedavid@example.org
658,Darlene,Montgomery,haynescharles@example.net
659,Daniel,Buchanan,catherine47@example.com
660,Randall,Guerrero,omoore@example.org
661,Julie,Robles,susan24@example.net
662,Olivia,Sanford,susan08@example.net
663,Donald,Williams,fmedina@example.com
664,Jason,Figueroa,jason82@example.org
665,Jack,Jensen,james29@example.org
666,Melissa,Randolph,enewman@example.com
667,Emily,King,jessicafreeman@example.com
668,Michael,Lambert,craigharvey@example.org
669,Louis,Hayes,heather29@example.net
670,Michael,Stewart,ujackson@example.org
671,Kristen,Joseph,xhill@example.org
672,Erin,Rivera,wford@example.com
673,Tony,Rodriguez,wilkinsonmichele
674,Patricia,Gonzalez,lunapatricia@example.net
675,Crystal,Hess,nhammond@example.org
676,Andrea,Stephens,jvaldez@example.com
677,Philip,Vance,dennis88
678,Randy,Shaw,melaniedrake@example.net
679,Gabrielle,Todd,seanwhite@example.net
680,Donna,Faulkner,ccrosby@example.org
681,Kathleen,Hall,mike03@example.net
682,Rebecca,Ward,
683,Tina,Nguyen,mary49@example.net
684,Ashley,Bennett,pdiaz@example.org
685,Zachary,Bennett,
686,Tommy,Olson,shawdon
,Jerry,Robertson,jason22@example.com
688,Carolyn,Montoya,robertrivera@example.org
,Timothy,Mendoza,brittanyholland@example.com
690,Andrew,Williams,dennishunt@example.net
691,Dylan,Jackson,zacharysullivan@example.net
692,Dana,Johns,stacey37@example.net
693,Victoria,Dillon,jeffreyjenkins@example.org
694,Laura,Hoover,cindydixon@example.org
695,Jennifer,Cooper,ecarlson@example.org
696,Nicholas,Anderson,harrismichele@example.net
697,Gabrielle,Serrano,thompsonrachel@example.net
698,Benjamin,Bowers,davisdonna@example.net
699,Amber,Smith,xboyd@example.org
700,Heidi,Patterson,yclarke@example.com
701,Brianna,Figueroa,colemanjonathan@example.org
702,Renee,Miller,ascott@example.net
703,Julia,Smith,meyernicholas@example.org
704,Gwendolyn,Stewart,daniel69@example.com
705,Jose,Herrera,cheryl63@example.com
706,Andrea,Grant,mitchellpeters@example.com
707,Vanessa,Lane,qfitzgerald@example.org
708,Julie,Griffin,craigromero@example.com
709,Lauren,Mendez,martintamara@example.org
710,Linda,Morrow,bfrost@example.org
711,Caleb,Walker,lynchjenny@example.com
712,Christina,Meyer,bautistalori@example.net
713,Troy,Smith,james98@example.net
714,Holly,Gilbert,
715,Christopher,Hill,zgomez@example.com
716,Brenda,Holmes,calhounandrea@example.net
717,Maria,Herman,michael43@example.net
718,Sylvia,Gibson,qandrews@example.org
719,Richard,Rodriguez,gordonmatthew@example.org
720,Leah,Frye,heather69@example.com
721,Kayla,Todd,lmaldonado@example.org
722,Timothy,Scott,oschultz@example.net
723,Jacqueline,Mcbride,hmoses@example.net
724,Alec,Collier,justinross@example.net
725,Lori,Jones,thomasgomez@example.net
726,Joseph,Valentine,victorgonzalez@example.net
727,John,Baker,jameswright@example.net
728,Michael,Maxwell,moraemma@example.net
729,Travis,Smith,charlesnathan@example.com
730,Travis,Galloway,travis84@example.com
731,Jeffrey,Ray,foxrodney@example.net
732,Antonio,Reed,stephenmartinez@example.net
,Steve,Norris,craignicolas@example.org
734,Mark,Salazar,
735,Thomas,Austin,ivan63@example.com
736,Jaclyn,Watson,lramirez
737,David,Johnston,lisale
,Angela,Chase,dustinhaley@example.org
739,Thomas,Smith,oporter@example.net
740,Amanda,Stewart,jevans@example.net
741,Brandon,Garcia,briancervantes
742,Mary,Davis,jordan58@example.net
743,Sarah,Scott,jenkinsmichael@example.net
744,Sylvia,Gonzalez,tiffanymitchell@example.com
745,Emily,Freeman,ypreston@example.net
746,Justin,Welch,mirandadavidson
747,Robert,Salazar,esweeney@example.org
748,Fernando,Perez,denise49@example.net
749,Randall,Barron,julie87@example.com
750,Gary,Dickerson,jessicastanley@example.net
751,Jackie,Miller,randydavis@example.com
752,Amy,Johnson,fwarren@example.org
753,Jose,Moore,pparker@example.net
,Justin,Sims,alisonjackson@example.org
755,Elizabeth,Dalton,michelle78@example.com
756,Amy,Taylor,brittanybryant@example.net
757,Cynthia,Elliott,regina78@example.org
758,Linda,Ramos,robert24@example.org
,Aaron,Ochoa,mauriceharrison@example.org
760,Gwendolyn,Vasquez,xevans@example.com
761,Lauren,Harper,kelleyjacob@example.net
,Samuel,Wright,oclayton@example.com
763,Christian,Garrett,justin84@example.com
764,Jacob,Jones,keithwalsh@example.net
,Shawn,Graves,blopez@example.org
766,Brandon,Nichols,teresacampbell@example.org
767,Jennifer,Acosta,christophersmith@example.org
768,Matthew,Collins,
769,Lacey,Rivera,brianrowe@example.org
770,Amy,White,lisa01@example.net
,John,Wise,cwright@example.org
772,Steven,Wise,thomasmaldonado
773,Sharon,Moore,garnerandrea@example.org
774,Jon,Little,michaelwilliams@example.net
775,Jeff,Rodriguez,knguyen@example.com
776,Brenda,Foster,albertwilliams
777,Thomas,Carlson,kelli32@example.com
778,Christopher,Montgomery,browndeanna@example.net
779,Amanda,Rodriguez,jhall@example.net
780,Katherine,Trujillo,bquinn@example.net
781,Nicholas,Ramsey,rachel77@example.net
782,Kenneth,Terry,ashleystephens@example.com
783,Jessica,Hill,caseymoore@example.com
784,Lori,Weaver,osmith
785,Nicholas,Lopez,harveymichael@example.net
786,John,Le,rlee@example.com
787,Katie,Moore,marcus51@example.org
788,Alexandra,Jones,gregoryjohnson@example.org
789,Todd,Garcia,hbarrett@example.net
790,Jacqueline,Scott,jeffrey10@example.org
791,Diana,Hebert,mcdonalddanielle@example.com
792,Angela,Hurley,yshort@example.net
793,Brian,Jensen,navarromary
794,Shirley,Yu,garciajerry@example.com
795,Jake,Fox,ashleymeza@example.net
796,Kara,Perry,mirandabarbara@example.net
797,Stephen,Ortega,jacksonhenry@example.com
798,William,Sandoval,umahoney@example.net
799,Victoria,Nguyen,robert65@example.net
800,John,Gardner,vcannon@example.com
801,Michael,Chavez,csmith@example.com
802,Caitlin,Holmes,adam33@example.com
803,Andrew,Short,samantha88@example.net
804,Sara,Moore,
805,Michael,Perkins,jonathanevans@example.net
806,Ricardo,Hardin,cummingslaura@example.org
807,Tracy,Nolan,larsonkevin@example.net
808,Lindsey,James,weeksmatthew@example.com
809,Robert,Parrish,julieatkinson@example.org
810,Cynthia,Chen,torresblake@example.net
811,Annette,Murphy,ericnunez@example.com
812,Tasha,Mullins,walkerkeith
813,Earl,Rogers,dduncan@example.net
814,Raymond,Miller,iayala@example.org
815,Timothy,Gonzalez,mpearson@example.net
816,Christina,Fitzgerald,johnadams@example.com
817,Marcus,Glass,rodriguezrobert@example.com
818,Michael,Flores,carrillogary@example.com
819,Christina,Branch,chanson@example.org
820,Sandra,Hall,eric11@example.net
821,Brian,Rush,mistywilkins@example.org
822,Matthew,Brock,shannon05@example.org
823,Jody,Lewis,ana92@example.net
824,Holly,Smith,scottbrian
825,Kristina,Williamson,marshallsierra@example.org
826,Paul,Nelson,michelle04@example.net
827,Paul,Whitney,mckeetodd@example.net
828,Amanda,Lopez,tcastro@example.org
829,Bernard,Nielsen,matthew62@example.org
830,Michael,Bell,joel84@example.org
831,Connie,Johns,raymondstacy@example.org
832,Edward,Prince,christopherreyes@example.net
833,Cheyenne,Garrett,robertberry
834,Tara,Browning,shane23@example.net
835,Dillon,Weaver,michelleparker@example.net
836,Rachel,Browning,xforbes@example.org
837,Diana,Cunningham,lonniegrant@example.net
838,David,Stewart,jessicacannon@example.com
,Susan,Turner,edwin31@example.org
840,Jack,Farmer,catherine93@example.net
841,Jesse,Mcdaniel,christopher72@example.net
842,Meghan,Harrison,jack67@example.com
843,Devin,Lee,ortiztanya@example.com
844,Stephanie,Walker,katherinejones@example.com
845,Michelle,Burns,michelle36@example.com
846,Kimberly,Franklin,zcortez@example.net
847,Sheila,Armstrong,
848,Natalie,Sanchez,cterrell
849,Paul,Hubbard,leescott@example.com
850,Kim,Mitchell,robertoaustin@example.org
851,Hannah,Mckee,cgallegos@example.org
852,Jennifer,Wilson,phillipmorris@example.org
853,Harold,Garza,nicoledavis@example.com
,Heather,Meadows,jennifermartinez@example.org
855,Jasmin,Walters,millspatrick@example.net
856,Cheryl,Moore,kwilliams@example.com
857,Ariana,Keller,fernandothomas@example.net
858,Brett,Parker,lroberts@example.org
859,Rachel,Horne,deanjohnny@example.com
860,Tyler,Jimenez,franklintrevor@example.org
861,Brianna,Alvarez,mramos@example.net
862,Adam,Khan,christine83@example.org
863,Jack,Brown,benjamin09@example.net
864,Kenneth,Knapp,rodriguezvictoria@example.org
,Emily,Carr,tammycurry@example.com
866,Sarah,Davis,marcus61@example.com
867,Megan,Brown,staylor@example.com
868,Mark,Gutierrez,heathersalazar@example.org
869,Ashley,Krause,
870,Justin,Lynch,jordan99
871,Sara,Mendez,ostone@example.com
872,Travis,White,jeanettekrause@example.org
873,David,Marshall,mclaughlinjared@example.net
874,Yolanda,Gutierrez,michael30@example.net
875,James,Campbell,parkerwilliam@example.com
876,Katie,Wilson,matthew99@example.org
877,Marilyn,Lee,sandra77@example.org
878,Debbie,Olson,imcclain@example.com
879,Steven,Olsen,conleykevin@example.net
880,Erika,Peters,clarkgina@example.com
881,Carl,Hernandez,morgannicholas@example.net
882,Megan,Duncan,hlopez@example.com
883,Janet,Edwards,nelsonchristopher@example.org
884,Nathan,Gallegos,javier42@example.org
885,Neil,Johnson,robinwallace@example.org
886,Lauren,Stein,jamesmclean@example.net
887,Morgan,Collins,douglas18@example.net
888,Victoria,Harris,stevensjennifer@example.net
889,Darrell,Collins,mcdanielbrooke@example.org
890,Mathew,Small,meyerdonna@example.com
891,Andrew,Blake,manuellee@example.com
892,Amanda,Mejia,nelsoneric
,Alexis,Dean,clarkmichael@example.com
894,Joseph,Harding,audrey21@example.com
895,Christina,Morgan,bwilliams@example.com
,Rebecca,Williams,bbrown@example.com
897,Harold,Carlson,tjensen@example.com
898,Lisa,Marquez,beltrankatelyn@example.com
899,Ashley,Davis,tdavis
900,Deanna,Miranda,ohall@example.org
901,Michelle,Jensen,
902,Tony,Jones,bellsteven@example.org
903,Justin,Bailey,williamsullivan@example.net
904,Laura,Nguyen,sparksamanda@example.com
905,Brittany,Allen,amydickson@example.com
906,Carl,Clark,bmueller@example.net
907,Kristin,Stephens,gilbertcaldwell@example.net
908,Sarah,Andrews,mwilson@example.com
909,Mark,Davis,zthompson@example.org
910,Carmen,Jennings,pmurphy@example.net
911,Bryan,Robinson,paigeberger@example.net
912,Lisa,Sherman,shawncarter@example.net
913,Becky,Gonzalez,kevin46@example.net
914,Toni,Cooper,aguilarcheryl@example.net
915,Richard,Anderson,bryan80@example.org
,Jacqueline,Hoover,daniel40@example.org
917,Ryan,Lawrence,jennifer66
918,Amy,Bates,jtaylor@example.com
919,Megan,Ward,qmoore@example.org
920,Dennis,Jones,thomasnicole@example.net
,Samuel,Branch,taylorlinda@example.com
922,Patricia,Dominguez,dhanson
923,Roger,Wilkins,lkelly@example.com
924,Cassandra,Lane,jenniferadams@example.net
925,Barbara,Johnson,carrolljanet@example.org
926,Betty,Nixon,thomasjessica@example.com
927,Steven,Miller,sanchezcrystal@example.net
928,Susan,Miller,
929,Taylor,Hunt,vberry@example.com
930,Michael,Levine,keith09@example.net
931,Kevin,Glover,bryan79@example.org
932,Ashley,Douglas,lisa90@example.com
933,Todd,Martinez,yorkjoshua@example.org
934,Christina,Hill,alexis19@example.org
935,Renee,Stevenson,lwood@example.com
936,Kimberly,Young,laurenatkins
937,Tracey,Coffey,marymullins@example.com
938,Kaylee,Young,kbarber@example.org
939,Becky,Wilkinson,
940,Brian,Marshall,vturner@example.net
,Jesus,Vega,jwells@example.net
942,Monica,Smith,ureyes@example.net
,Felicia,Williams,stephanie69@example.net
944,Michele,Rogers,leah49@example.com
945,Steven,Leonard,jessicachapman@example.org
946,April,Byrd,lawrencesmith@example.org
947,Marie,Smith,foxgina@example.com
948,Jeffrey,Campbell,austinharvey@example.org
949,Sheena,Douglas,stephanielittle@example.net
950,Susan,Miller,nicholasgallagher@example.net
951,Ashlee,Coffey,dominguezjon@example.com
952,Donna,Jones,
953,Heather,Contreras,
954,Patrick,Cook,scottlisa@example.org
955,Scott,Vasquez,chelseywhite@example.com
956,Daniel,Fernandez,probinson@example.org
957,Rita,Baldwin,johnsonchad@example.net
958,John,Griffin,ohernandez@example.org
959,Sarah,Ortega,edward56@example.net
960,Adam,Zimmerman,zmendoza@example.net
961,Kimberly,Floyd,aaronfinley@example.com
962,David,Nichols,mathew46@example.org
963,Cynthia,Benjamin,diazmelissa
964,Christopher,Stevens,deborah28@example.org
965,Tammy,Guerrero,heather15@example.com
966,Christopher,Chen,donaldlee@example.net
967,Wendy,Allen,ibrown@example.net
968,Kyle,Ferguson,blevy@example.org
,Matthew,Morgan,sullivanjason@example.net
,Elizabeth,Ellis,joycehall@example.org
971,Benjamin,Thomas,ruizsamantha@example.org
972,John,Banks,jacksonbrendan@example.com
,Lori,Davis,marybrown@example.org
974,Danny,Larson,bryanharris@example.com
975,Lisa,Hendrix,rnguyen@example.net
976,Amy,Morris,kathrynwatkins@example.com
977,Bryan,Hill,xjackson
978,Frederick,Sanchez,andersonkylie@example.net
979,Cheyenne,Strickland,hobbschristopher@example.org
980,Harry,Davis,robert72@example.org
981,Douglas,Nelson,ljenkins@example.net
982,Heather,Carlson,fsalazar
983,Margaret,Turner,psmith@example.org
984,David,Moreno,montgomerymichelle@example.net
985,William,Marshall,joshualee@example.org
986,Gina,Schmitt,kjimenez@example.net
987,Sandra,Brown,justin64@example.com
988,Christina,Wu,vwilliams@example.org
989,Sara,Thompson,
990,Jennifer,Watkins,robert53@example.org
991,Mark,Garcia,ykane@example.org
992,Charles,Richards,zamoradustin@example.net
993,Spencer,Hughes,stephenlee@example.com
994,Theresa,Harris,antoniocarroll@example.com
995,Derek,York,wbarnes@example.com
996,Jeffrey,Phillips,kristinelittle@example.net
997,Rebecca,Lane,christophervincent@example.com
998,Michelle,Robinson,rhood@example.org
999,Jessica,Fitzgerald,
1000,Patricia,Vargas,robinvillanueva@example.com
